label,janelas,aceitas,media_ratio_maos,media_movimento_maos,taxa_aceitacao
Desconhecido,52,31,0.42500000000000004,0.07152976923076923,0.5961538461538461
Obrigado,264,207,0.7691287878787879,0.021468125,0.7840909090909091
Nome,159,127,0.7421383647798742,0.03590601257861636,0.7987421383647799
Oi,408,362,0.8863970588235294,0.018107517156862745,0.8872549019607843
Banheiro,241,217,0.9201244813278008,0.01732196680497925,0.9004149377593361
Casa,214,194,0.9032710280373832,0.022339065420560748,0.9065420560747663
Livro,188,172,0.8930851063829788,0.04429842021276596,0.9148936170212766
