label,janelas,aceitas,media_ratio_maos,media_movimento_maos,taxa_aceitacao
Desconhecido,52,31,0.42500000000000004,0.07163082692307693,0.5961538461538461
Obrigado,233,184,0.7774678111587983,0.019452111587982834,0.7896995708154506
Nome,116,96,0.775,0.03612647413793103,0.8275862068965517
Oi,360,323,0.9036111111111111,0.013843230555555556,0.8972222222222223
Banheiro,203,186,0.9541871921182266,0.01483339408866995,0.916256157635468
Casa,187,173,0.9272727272727272,0.029994641711229945,0.9251336898395722
Livro,144,136,0.9159722222222223,0.04374171527777778,0.9444444444444444
