{
  "accuracy": 0.6476683937823834,
  "balanced_accuracy": 0.6688084459623367,
  "classes": [
    "Aceitar",
    "Banheiro",
    "Bebida",
    "Calmo",
    "Casa",
    "Desconhecido",
    "Livro",
    "Nome",
    "Obrigado",
    "Oi",
    "Sortudo"
  ],
  "samples": {
    "train_original": 1065,
    "validation": 213,
    "test": 386,
    "train_after_augmentation": 7668
  },
  "augmentation": {
    "n_augmentacoes": 8,
    "usar_espelhamento": false
  },
  "thresholds": {
    "Aceitar": 0.75,
    "Banheiro": 0.78,
    "Bebida": 0.55,
    "Calmo": 0.72,
    "Casa": 0.75,
    "Desconhecido": 0.55,
    "Livro": 0.9199999999999999,
    "Nome": 0.94,
    "Obrigado": 0.55,
    "Oi": 0.75,
    "Sortudo": 0.82
  },
  "classification_report": {
    "Aceitar": {
      "precision": 0.42857142857142855,
      "recall": 0.4444444444444444,
      "f1-score": 0.43636363636363634,
      "support": 27.0
    },
    "Banheiro": {
      "precision": 0.6428571428571429,
      "recall": 0.6666666666666666,
      "f1-score": 0.6545454545454545,
      "support": 27.0
    },
    "Bebida": {
      "precision": 1.0,
      "recall": 0.5625,
      "f1-score": 0.72,
      "support": 16.0
    },
    "Calmo": {
      "precision": 0.5,
      "recall": 1.0,
      "f1-score": 0.6666666666666666,
      "support": 5.0
    },
    "Casa": {
      "precision": 0.6166666666666667,
      "recall": 0.5967741935483871,
      "f1-score": 0.6065573770491803,
      "support": 62.0
    },
    "Desconhecido": {
      "precision": 0.8076923076923077,
      "recall": 0.6363636363636364,
      "f1-score": 0.711864406779661,
      "support": 33.0
    },
    "Livro": {
      "precision": 0.7121212121212122,
      "recall": 0.746031746031746,
      "f1-score": 0.7286821705426356,
      "support": 63.0
    },
    "Nome": {
      "precision": 0.5,
      "recall": 0.813953488372093,
      "f1-score": 0.6194690265486725,
      "support": 43.0
    },
    "Obrigado": {
      "precision": 0.868421052631579,
      "recall": 0.66,
      "f1-score": 0.75,
      "support": 50.0
    },
    "Oi": {
      "precision": 0.5428571428571428,
      "recall": 0.4523809523809524,
      "f1-score": 0.4935064935064935,
      "support": 42.0
    },
    "Sortudo": {
      "precision": 0.875,
      "recall": 0.7777777777777778,
      "f1-score": 0.8235294117647058,
      "support": 18.0
    },
    "accuracy": 0.6476683937823834,
    "macro avg": {
      "precision": 0.6812897230361344,
      "recall": 0.6688084459623367,
      "f1-score": 0.6555622403424642,
      "support": 386.0
    },
    "weighted avg": {
      "precision": 0.6752602070232286,
      "recall": 0.6476683937823834,
      "f1-score": 0.6502614212784279,
      "support": 386.0
    }
  }
}