{
  "accuracy": 0.6299212598425197,
  "balanced_accuracy": 0.6244019121451796,
  "classes": [
    "Banheiro",
    "Casa",
    "Desconhecido",
    "Livro",
    "Nome",
    "Obrigado",
    "Oi"
  ],
  "samples": {
    "train_original": 782,
    "validation": 157,
    "test": 254,
    "train_after_augmentation": 5625
  },
  "augmentation": {
    "n_augmentacoes": 8,
    "usar_espelhamento": false
  },
  "thresholds": {
    "Banheiro": 0.8899999999999999,
    "Casa": 0.55,
    "Desconhecido": 0.8699999999999999,
    "Livro": 0.63,
    "Nome": 0.75,
    "Obrigado": 0.6599999999999999,
    "Oi": 0.55
  },
  "classification_report": {
    "Banheiro": {
      "precision": 0.8333333333333334,
      "recall": 0.625,
      "f1-score": 0.7142857142857143,
      "support": 32.0
    },
    "Casa": {
      "precision": 0.8181818181818182,
      "recall": 0.6206896551724138,
      "f1-score": 0.7058823529411765,
      "support": 58.0
    },
    "Desconhecido": {
      "precision": 0.4444444444444444,
      "recall": 0.5714285714285714,
      "f1-score": 0.5,
      "support": 7.0
    },
    "Livro": {
      "precision": 0.6851851851851852,
      "recall": 0.7708333333333334,
      "f1-score": 0.7254901960784313,
      "support": 48.0
    },
    "Nome": {
      "precision": 0.38095238095238093,
      "recall": 0.7058823529411765,
      "f1-score": 0.4948453608247423,
      "support": 34.0
    },
    "Obrigado": {
      "precision": 0.5882352941176471,
      "recall": 0.6451612903225806,
      "f1-score": 0.6153846153846154,
      "support": 31.0
    },
    "Oi": {
      "precision": 0.7307692307692307,
      "recall": 0.4318181818181818,
      "f1-score": 0.5428571428571428,
      "support": 44.0
    },
    "accuracy": 0.6299212598425197,
    "macro avg": {
      "precision": 0.6401573838548629,
      "recall": 0.6244019121451796,
      "f1-score": 0.6141064831959746,
      "support": 254.0
    },
    "weighted avg": {
      "precision": 0.6829241470278988,
      "recall": 0.6299212598425197,
      "f1-score": 0.6374379069691904,
      "support": 254.0
    }
  }
}