{
  "accuracy": 0.6646586345381527,
  "balanced_accuracy": 0.6918996255305608,
  "classes": [
    "Aceitar",
    "Banheiro",
    "Bebida",
    "Calmo",
    "Casa",
    "Desconhecido",
    "Eu",
    "Livro",
    "Nome",
    "Obrigado",
    "Oi",
    "Quero",
    "Sortudo"
  ],
  "samples": {
    "train_original": 1398,
    "validation": 280,
    "test": 498,
    "train_after_augmentation": 11781
  },
  "augmentation": {
    "n_augmentacoes": 8,
    "usar_espelhamento": false
  },
  "ajustes_confusao": {
    "label_smoothing": 0.01,
    "multiplicadores_amostras_foco": {
      "Oi": 2,
      "Eu": 2
    },
    "multiplicadores_peso_classe": {
      "Oi": 2.2,
      "Eu": 1.7,
      "Nome": 0.65,
      "Bebida": 0.85
    }
  },
  "thresholds": {
    "Aceitar": 0.75,
    "Banheiro": 0.56,
    "Bebida": 0.94,
    "Calmo": 0.55,
    "Casa": 0.84,
    "Desconhecido": 0.94,
    "Eu": 0.84,
    "Livro": 0.55,
    "Nome": 0.78,
    "Obrigado": 0.55,
    "Oi": 0.75,
    "Quero": 0.95,
    "Sortudo": 0.55
  },
  "classification_report": {
    "Aceitar": {
      "precision": 0.3488372093023256,
      "recall": 0.625,
      "f1-score": 0.44776119402985076,
      "support": 24.0
    },
    "Banheiro": {
      "precision": 0.7794117647058824,
      "recall": 0.8548387096774194,
      "f1-score": 0.8153846153846154,
      "support": 62.0
    },
    "Bebida": {
      "precision": 0.7843137254901961,
      "recall": 0.7547169811320755,
      "f1-score": 0.7692307692307693,
      "support": 53.0
    },
    "Calmo": {
      "precision": 0.7368421052631579,
      "recall": 0.6666666666666666,
      "f1-score": 0.7,
      "support": 42.0
    },
    "Casa": {
      "precision": 0.6923076923076923,
      "recall": 0.782608695652174,
      "f1-score": 0.7346938775510204,
      "support": 23.0
    },
    "Desconhecido": {
      "precision": 0.4791666666666667,
      "recall": 0.5227272727272727,
      "f1-score": 0.5,
      "support": 44.0
    },
    "Eu": {
      "precision": 0.6666666666666666,
      "recall": 1.0,
      "f1-score": 0.8,
      "support": 14.0
    },
    "Livro": {
      "precision": 0.6944444444444444,
      "recall": 0.5434782608695652,
      "f1-score": 0.6097560975609756,
      "support": 46.0
    },
    "Nome": {
      "precision": 0.7586206896551724,
      "recall": 0.8461538461538461,
      "f1-score": 0.8,
      "support": 26.0
    },
    "Obrigado": {
      "precision": 0.8085106382978723,
      "recall": 0.6333333333333333,
      "f1-score": 0.7102803738317757,
      "support": 60.0
    },
    "Oi": {
      "precision": 0.5,
      "recall": 0.2553191489361702,
      "f1-score": 0.3380281690140845,
      "support": 47.0
    },
    "Quero": {
      "precision": 0.5833333333333334,
      "recall": 0.7241379310344828,
      "f1-score": 0.6461538461538462,
      "support": 29.0
    },
    "Sortudo": {
      "precision": 0.7096774193548387,
      "recall": 0.7857142857142857,
      "f1-score": 0.7457627118644068,
      "support": 28.0
    },
    "accuracy": 0.6646586345381527,
    "macro avg": {
      "precision": 0.6570871042683268,
      "recall": 0.6918996255305608,
      "f1-score": 0.6628501272785651,
      "support": 498.0
    },
    "weighted avg": {
      "precision": 0.6747353754593385,
      "recall": 0.6646586345381527,
      "f1-score": 0.6597189740873597,
      "support": 498.0
    }
  }
}