{
  "accuracy": 0.6467289719626168,
  "balanced_accuracy": 0.672723196634645,
  "classes": [
    "Aceitar",
    "Banheiro",
    "Bebida",
    "Calmo",
    "Casa",
    "Desconhecido",
    "Livro",
    "Nome",
    "Obrigado",
    "Oi",
    "Sortudo"
  ],
  "samples": {
    "train_original": 1225,
    "validation": 245,
    "test": 535,
    "train_after_augmentation": 8820
  },
  "augmentation": {
    "n_augmentacoes": 8,
    "usar_espelhamento": false
  },
  "thresholds": {
    "Aceitar": 0.75,
    "Banheiro": 0.55,
    "Bebida": 0.9299999999999999,
    "Calmo": 0.7999999999999999,
    "Casa": 0.95,
    "Desconhecido": 0.9299999999999999,
    "Livro": 0.94,
    "Nome": 0.55,
    "Obrigado": 0.57,
    "Oi": 0.55,
    "Sortudo": 0.6699999999999999
  },
  "classification_report": {
    "Aceitar": {
      "precision": 0.45161290322580644,
      "recall": 0.7,
      "f1-score": 0.5490196078431373,
      "support": 60.0
    },
    "Banheiro": {
      "precision": 0.9642857142857143,
      "recall": 0.782608695652174,
      "f1-score": 0.864,
      "support": 69.0
    },
    "Bebida": {
      "precision": 0.6764705882352942,
      "recall": 0.8070175438596491,
      "f1-score": 0.736,
      "support": 57.0
    },
    "Calmo": {
      "precision": 0.5753424657534246,
      "recall": 0.7924528301886793,
      "f1-score": 0.6666666666666666,
      "support": 53.0
    },
    "Casa": {
      "precision": 0.5555555555555556,
      "recall": 0.6666666666666666,
      "f1-score": 0.6060606060606061,
      "support": 30.0
    },
    "Desconhecido": {
      "precision": 0.5476190476190477,
      "recall": 0.3108108108108108,
      "f1-score": 0.39655172413793105,
      "support": 74.0
    },
    "Livro": {
      "precision": 0.5185185185185185,
      "recall": 0.8235294117647058,
      "f1-score": 0.6363636363636364,
      "support": 17.0
    },
    "Nome": {
      "precision": 0.7368421052631579,
      "recall": 0.8,
      "f1-score": 0.7671232876712328,
      "support": 35.0
    },
    "Obrigado": {
      "precision": 0.7333333333333333,
      "recall": 0.5641025641025641,
      "f1-score": 0.6376811594202898,
      "support": 39.0
    },
    "Oi": {
      "precision": 0.6363636363636364,
      "recall": 0.3620689655172414,
      "f1-score": 0.46153846153846156,
      "support": 58.0
    },
    "Sortudo": {
      "precision": 0.8717948717948718,
      "recall": 0.7906976744186046,
      "f1-score": 0.8292682926829268,
      "support": 43.0
    },
    "accuracy": 0.6467289719626168,
    "macro avg": {
      "precision": 0.6607035218134872,
      "recall": 0.672723196634645,
      "f1-score": 0.6500248583986262,
      "support": 535.0
    },
    "weighted avg": {
      "precision": 0.6681785005222017,
      "recall": 0.6467289719626168,
      "f1-score": 0.6398766075338497,
      "support": 535.0
    }
  }
}